obligation_key,vendor_id,vendor_name,period,split,scenario,root_cause,outreach_target,outreach_fact,notes,classification,method,verifier,outcome,invoice_status_at_cutoff,needs_estimate,approval_required,true_expense,static_rules_estimate,trailing_avg_estimate,static_error,actual_invoice_ids,actual_invoice_total,invoice_received_dates
OBL-V001-2026-11,V001,DataForge Inc.,2026-11,STANDARD,RECURRING_INVOICE_MATCH,,,,,VALID_INVOICE_MATCHES,ACTUAL_INVOICE,PASS,CLOSE_READY,RECEIVED,N,NONE,50000.0,50000.0,50000.0,0.0,INV-V001-007,50000.0,2026-12-02
OBL-V001-2026-12,V001,DataForge Inc.,2026-12,TRAIN,ESCALATOR_MISS,SCHEDULED_ESCALATOR,,,"Contract s4.3: 5% uplift on each anniversary (Dec 1). Order form still shows $50,000.",NO_INVOICE_SERVICE_RECEIVED,FIXED_CONTRACT_FEE,REVIEW_REQUIRED,ACCRUED_THEN_RECONCILED,MISSING,Y,CONTROLLER,52500.0,50000.0,50000.0,-2500.0,INV-V001-008,52500.0,2027-01-12
OBL-V001-2027-01,V001,DataForge Inc.,2027-01,HELDOUT_SAME_VENDOR,ESCALATOR_PRECEDENT,SCHEDULED_ESCALATOR,,,,NO_INVOICE_SERVICE_RECEIVED,FIXED_CONTRACT_FEE,REVIEW_REQUIRED,ACCRUED_THEN_RECONCILED,MISSING,Y,CONTROLLER,52500.0,50000.0,50833.33,-2500.0,INV-V001-009,52500.0,2027-02-10
OBL-V002-2026-11,V002,CloudHarbor LLC,2026-11,STANDARD,SUPPORTED_ACCRUAL,,,,,NO_INVOICE_SERVICE_RECEIVED,USAGE_X_RATE,REVIEW_REQUIRED,ACCRUED_THEN_RECONCILED,MISSING,Y,CONTROLLER,36000.0,36000.0,36000.0,0.0,INV-V002-007,36000.0,2026-12-08
OBL-V002-2026-12,V002,CloudHarbor LLC,2026-12,TRAIN,TIERED_OVERAGE_MISS,TIERED_OVERAGE_RATE,,,,NO_INVOICE_SERVICE_RECEIVED,USAGE_X_RATE,REVIEW_REQUIRED,ACCRUED_THEN_RECONCILED,MISSING,Y,CONTROLLER,43800.0,42240.0,36000.0,-1560.0,INV-V002-008,43800.0,2027-01-08
OBL-V002-2027-01,V002,CloudHarbor LLC,2027-01,HELDOUT_SAME_VENDOR,TIERED_OVERAGE_PRECEDENT,TIERED_OVERAGE_RATE,,,,NO_INVOICE_SERVICE_RECEIVED,USAGE_X_RATE,REVIEW_REQUIRED,ACCRUED_THEN_RECONCILED,MISSING,Y,CONTROLLER,37500.0,37200.0,38600.0,-300.0,INV-V002-009,37500.0,2027-02-08
OBL-V003-2026-11,V003,Helpline Desk Co.,2026-11,STANDARD,RECURRING_INVOICE_MATCH,,,,,VALID_INVOICE_MATCHES,ACTUAL_INVOICE,PASS,CLOSE_READY,RECEIVED,N,NONE,10200.0,10200.0,10200.0,0.0,INV-V003-007,10200.0,2026-12-03
OBL-V003-2026-12,V003,Helpline Desk Co.,2026-12,TRAIN,CHANGE_ORDER_MISS,CHANGE_ORDER_SEAT_EXPANSION,REQUESTER,SCOPE_OR_RATE_CHANGE,"CO-1 adds 30 seats from Dec 10; vendor never replies, PO requester does.",NO_INVOICE_SERVICE_RECEIVED,USAGE_X_RATE,REVIEW_REQUIRED,ACCRUED_THEN_RECONCILED,MISSING,Y,REVIEWER,12009.68,10200.0,10200.0,-1809.68,INV-V003-008,12009.68,2027-01-09
OBL-V003-2027-01,V003,Helpline Desk Co.,2027-01,STANDARD,RECURRING_INVOICE_MATCH,,,,,VALID_INVOICE_MATCHES,ACTUAL_INVOICE,PASS,CLOSE_READY,RECEIVED,N,NONE,12750.0,12750.0,10803.23,0.0,INV-V003-009,12750.0,2027-02-03
OBL-V004-2026-11,V004,Lumen CRM Corp.,2026-11,STANDARD,RECURRING_INVOICE_MATCH,,,,,VALID_INVOICE_MATCHES,ACTUAL_INVOICE,PASS,CLOSE_READY,RECEIVED,N,NONE,18000.0,18000.0,18000.0,0.0,INV-V004-007,18000.0,2026-12-02
OBL-V004-2026-12,V004,Lumen CRM Corp.,2026-12,STANDARD,RECURRING_INVOICE_MATCH,,,,,VALID_INVOICE_MATCHES,ACTUAL_INVOICE,PASS,CLOSE_READY,RECEIVED,N,NONE,18000.0,18000.0,18000.0,0.0,INV-V004-008,18000.0,2027-01-02
OBL-V004-2027-01,V004,Lumen CRM Corp.,2027-01,HELDOUT,ESCALATOR_HELDOUT,SCHEDULED_ESCALATOR,,,Order form footnote: 4% uplift each January 1.,NO_INVOICE_SERVICE_RECEIVED,FIXED_CONTRACT_FEE,REVIEW_REQUIRED,ACCRUED_THEN_RECONCILED,MISSING,Y,REVIEWER,18720.0,18000.0,18000.0,-720.0,INV-V004-009,18720.0,2027-02-11
OBL-V005-2026-11,V005,PagerLoop Inc.,2026-11,STANDARD,RECURRING_INVOICE_MATCH,,,,,VALID_INVOICE_MATCHES,ACTUAL_INVOICE,PASS,CLOSE_READY,RECEIVED,N,NONE,6400.0,6400.0,6400.0,0.0,INV-V005-007,6400.0,2026-12-04
OBL-V005-2026-12,V005,PagerLoop Inc.,2026-12,STANDARD,RECURRING_INVOICE_MATCH,,,,,VALID_INVOICE_MATCHES,ACTUAL_INVOICE,PASS,CLOSE_READY,RECEIVED,N,NONE,6400.0,6400.0,6400.0,0.0,INV-V005-008,6400.0,2027-01-04
OBL-V005-2027-01,V005,PagerLoop Inc.,2027-01,HELDOUT,ESCALATOR_HELDOUT_NEEDS_OUTREACH,SCHEDULED_ESCALATOR,VENDOR_BILLING,SCOPE_OR_RATE_CHANGE,Uplift is vendor-notified (cap 7%); rate is not in any internal document.,NO_INVOICE_SERVICE_RECEIVED,FIXED_CONTRACT_FEE,OUTREACH_REQUIRED,ACCRUED_THEN_RECONCILED,MISSING,Y,NONE,6752.0,6400.0,6400.0,-352.0,INV-V005-009,6752.0,2027-02-09
OBL-V006-2026-11,V006,Brightwork Consulting Group,2026-11,STANDARD,SUPPORTED_ACCRUAL,,,,,NO_INVOICE_SERVICE_RECEIVED,USAGE_X_RATE,REVIEW_REQUIRED,ACCRUED_THEN_RECONCILED,MISSING,Y,CONTROLLER,29600.0,29600.0,9250.0,0.0,INV-V006-002,29600.0,2026-12-15
OBL-V006-2026-12,V006,Brightwork Consulting Group,2026-12,STANDARD,MISSING_SERVICE_CONFIRMATION,,OPERATIONAL_OWNER,SERVICE_RECEIVED,Last two weekly timesheets unapproved at cutoff.,NO_INVOICE_SERVICE_RECEIVED,USAGE_X_RATE,OUTREACH_REQUIRED,ACCRUED_THEN_RECONCILED,MISSING,Y,CONTROLLER,26270.0,26270.0,19116.67,0.0,INV-V006-003,26270.0,2027-01-15
OBL-V006-2027-01,V006,Brightwork Consulting Group,2027-01,STANDARD,SUPPORTED_ACCRUAL,,,,,NO_INVOICE_SERVICE_RECEIVED,USAGE_X_RATE,REVIEW_REQUIRED,ACCRUED_THEN_RECONCILED,MISSING,Y,REVIEWER,17760.0,17760.0,27873.33,0.0,INV-V006-004,17760.0,2027-02-15
OBL-V007-2026-11,V007,Meridian Legal LLP,2026-11,STANDARD,NO_ALLOWED_METHOD,,OPERATIONAL_OWNER,SERVICE_RECEIVED,,NO_INVOICE_SERVICE_UNCLEAR,NONE,ESCALATE,ESCALATED,MISSING,Y,NONE,6200.0,,5616.67,,INV-V007-005,6200.0,2026-12-18
OBL-V007-2026-12,V007,Meridian Legal LLP,2026-12,STANDARD,CONFLICTING_EVIDENCE,,CONTROLLER,TREATMENT,GC says ~$35-45k; vendor WIP report says $58k unbilled. Material.,NO_INVOICE_SERVICE_UNCLEAR,NONE,ESCALATE,ESCALATED,MISSING,Y,CONTROLLER,41870.0,,6316.67,,INV-V007-006,41870.0,2027-01-22
OBL-V007-2027-01,V007,Meridian Legal LLP,2027-01,STANDARD,SERVICE_NOT_RECEIVED,,OPERATIONAL_OWNER,SERVICE_RECEIVED,,NO_INVOICE_SERVICE_NOT_RECEIVED,NONE,PASS,NO_ACCRUAL_DOCUMENTED,NONE_EXPECTED,N,NONE,0.0,0.0,20273.33,0.0,,0.0,
OBL-V008-2026-11,V008,OfficeNest Properties,2026-11,STANDARD,RECURRING_INVOICE_MATCH,,,,,VALID_INVOICE_MATCHES,ACTUAL_INVOICE,PASS,CLOSE_READY,RECEIVED,N,NONE,22500.0,22500.0,22500.0,0.0,INV-V008-007,22500.0,2026-10-25
OBL-V008-2026-12,V008,OfficeNest Properties,2026-12,STANDARD,RECURRING_INVOICE_MATCH,,,,,VALID_INVOICE_MATCHES,ACTUAL_INVOICE,PASS,CLOSE_READY,RECEIVED,N,NONE,22500.0,22500.0,22500.0,0.0,INV-V008-008,22500.0,2026-11-25
OBL-V008-2027-01,V008,OfficeNest Properties,2027-01,STANDARD,RECURRING_INVOICE_MATCH,,,,,VALID_INVOICE_MATCHES,ACTUAL_INVOICE,PASS,CLOSE_READY,RECEIVED,N,NONE,22500.0,22500.0,22500.0,0.0,INV-V008-009,22500.0,2026-12-25
OBL-V009-2026-11,V009,PayCircle Inc.,2026-11,STANDARD,RECURRING_INVOICE_MATCH,,,,,VALID_INVOICE_MATCHES,ACTUAL_INVOICE,PASS,CLOSE_READY,RECEIVED,N,NONE,4150.0,4150.0,4150.0,0.0,INV-V009-007,4150.0,2026-12-02
OBL-V009-2026-12,V009,PayCircle Inc.,2026-12,STANDARD,INVOICE_MISMATCH,,REQUESTER,SCOPE_OR_RATE_CHANGE,"Invoice $4,980 includes an $830 module nobody ordered; credit memo arrives Jan 20.",INVOICE_MISMATCHED,ACTUAL_INVOICE,BLOCK,ESCALATED,RECEIVED,N,NONE,4150.0,4150.0,4150.0,0.0,INV-V009-008,4980.0,2027-01-02
OBL-V009-2027-01,V009,PayCircle Inc.,2027-01,STANDARD,RECURRING_INVOICE_MATCH,,,,,VALID_INVOICE_MATCHES,ACTUAL_INVOICE,PASS,CLOSE_READY,RECEIVED,N,NONE,4150.0,4150.0,4150.0,0.0,INV-V009-009,4150.0,2027-02-02
OBL-V010-2026-11,V010,SecureLayer Systems,2026-11,STANDARD,PREPAID_NOT_AN_ACCRUAL,,,,Annual invoice already booked to prepaid; a run-rate estimator would wrongly accrue.,NO_ACCRUAL_PREPAID,NONE,PASS,NO_ACCRUAL_DOCUMENTED,NONE_EXPECTED,N,NONE,0.0,0.0,0.0,0.0,INV-V010-001,96000.0,2026-08-03
OBL-V010-2026-12,V010,SecureLayer Systems,2026-12,STANDARD,PREPAID_NOT_AN_ACCRUAL,,,,Annual invoice already booked to prepaid; a run-rate estimator would wrongly accrue.,NO_ACCRUAL_PREPAID,NONE,PASS,NO_ACCRUAL_DOCUMENTED,NONE_EXPECTED,N,NONE,0.0,0.0,0.0,0.0,INV-V010-001,96000.0,2026-08-03
OBL-V010-2027-01,V010,SecureLayer Systems,2027-01,STANDARD,PREPAID_NOT_AN_ACCRUAL,,,,Annual invoice already booked to prepaid; a run-rate estimator would wrongly accrue.,NO_ACCRUAL_PREPAID,NONE,PASS,NO_ACCRUAL_DOCUMENTED,NONE_EXPECTED,N,NONE,0.0,0.0,0.0,0.0,INV-V010-001,96000.0,2026-08-03
OBL-V011-2026-11,V011,TalentBridge Partners,2026-11,STANDARD,SUPPORTED_ACCRUAL,,,,,NO_INVOICE_SERVICE_RECEIVED,FIXED_CONTRACT_FEE,REVIEW_REQUIRED,ACCRUED_THEN_RECONCILED,MISSING,Y,CONTROLLER,30000.0,30000.0,10333.33,0.0,INV-V011-003,30000.0,2026-12-14
OBL-V011-2026-12,V011,TalentBridge Partners,2026-12,STANDARD,SERVICE_NOT_RECEIVED,,,,,NO_INVOICE_SERVICE_NOT_RECEIVED,NONE,PASS,NO_ACCRUAL_DOCUMENTED,NONE_EXPECTED,N,NONE,0.0,0.0,20333.33,0.0,,0.0,
OBL-V011-2027-01,V011,TalentBridge Partners,2027-01,STANDARD,SUPPORTED_ACCRUAL,,,,,NO_INVOICE_SERVICE_RECEIVED,FIXED_CONTRACT_FEE,REVIEW_REQUIRED,ACCRUED_THEN_RECONCILED,MISSING,Y,CONTROLLER,28000.0,28000.0,20333.33,0.0,INV-V011-004,28000.0,2027-02-08
OBL-V012-2026-11,V012,PrintWorks Studio,2026-11,STANDARD,RECURRING_INVOICE_MATCH,,,,,VALID_INVOICE_MATCHES,ACTUAL_INVOICE,PASS,CLOSE_READY,RECEIVED,N,NONE,7850.0,7850.0,2316.67,0.0,INV-V012-003,7850.0,2026-12-01
OBL-V012-2026-12,V012,PrintWorks Studio,2026-12,STANDARD,SERVICE_NOT_RECEIVED,,,,,NO_INVOICE_SERVICE_NOT_RECEIVED,NONE,PASS,NO_ACCRUAL_DOCUMENTED,NONE_EXPECTED,N,NONE,0.0,0.0,4933.33,0.0,,0.0,
OBL-V012-2027-01,V012,PrintWorks Studio,2027-01,STANDARD,SUPPORTED_ACCRUAL,,,,,NO_INVOICE_SERVICE_RECEIVED,PO_BASED,PASS,ACCRUED_THEN_RECONCILED,MISSING,Y,NONE,3200.0,3200.0,2616.67,0.0,INV-V012-005,3200.0,2027-02-06
OBL-V013-2026-11,V013,StreamGrid Networks,2026-11,STANDARD,SUPPORTED_ACCRUAL,,,,,NO_INVOICE_SERVICE_RECEIVED,USAGE_X_RATE,PASS,ACCRUED_THEN_RECONCILED,MISSING,Y,NONE,8000.0,8000.0,8000.0,0.0,INV-V013-007,8000.0,2026-12-09
OBL-V013-2026-12,V013,StreamGrid Networks,2026-12,STANDARD,SUPPORTED_ACCRUAL,,,,,NO_INVOICE_SERVICE_RECEIVED,USAGE_X_RATE,PASS,ACCRUED_THEN_RECONCILED,MISSING,Y,NONE,8000.0,8000.0,8000.0,0.0,INV-V013-008,8000.0,2027-01-09
OBL-V013-2027-01,V013,StreamGrid Networks,2027-01,HELDOUT,TIERED_OVERAGE_HELDOUT,TIERED_OVERAGE_RATE,,,,NO_INVOICE_SERVICE_RECEIVED,USAGE_X_RATE,REVIEW_REQUIRED,ACCRUED_THEN_RECONCILED,MISSING,Y,REVIEWER,11600.0,10400.0,8000.0,-1200.0,INV-V013-009,11600.0,2027-02-09
OBL-V014-2026-11,V014,Atlas Facilities Services,2026-11,STANDARD,QUARTERLY_ARREARS,,,,One invoice for Nov-Jan arrives Feb 8 and must match three obligations.,NO_INVOICE_SERVICE_RECEIVED,FIXED_CONTRACT_FEE,PASS,ACCRUED_THEN_RECONCILED,MISSING,Y,NONE,4500.0,4500.0,4500.0,0.0,INV-V014-003,13500.0,2027-02-08
OBL-V014-2026-12,V014,Atlas Facilities Services,2026-12,STANDARD,QUARTERLY_ARREARS,,,,One invoice for Nov-Jan arrives Feb 8 and must match three obligations.,NO_INVOICE_SERVICE_RECEIVED,FIXED_CONTRACT_FEE,PASS,ACCRUED_THEN_RECONCILED,MISSING,Y,NONE,4500.0,4500.0,4500.0,0.0,INV-V014-003,13500.0,2027-02-08
OBL-V014-2027-01,V014,Atlas Facilities Services,2027-01,STANDARD,QUARTERLY_ARREARS,,,,One invoice for Nov-Jan arrives Feb 8 and must match three obligations.,NO_INVOICE_SERVICE_RECEIVED,FIXED_CONTRACT_FEE,PASS,ACCRUED_THEN_RECONCILED,MISSING,Y,NONE,4500.0,4500.0,4500.0,0.0,INV-V014-003,13500.0,2027-02-08
OBL-V015-2026-12,V015,Quantive BI Ltd.,2026-12,STANDARD,MULTI_PERIOD_INVOICE,,,,"$9,300 covers Dec 15-Jan 14: 17/31 days to Dec, rest is prepaid.",INVOICE_SPANS_PERIODS,PRORATED_FEE,PASS,CLOSE_READY,RECEIVED,N,NONE,5100.0,5100.0,0.0,0.0,INV-V015-001,9300.0,2026-12-16
OBL-V015-2027-01,V015,Quantive BI Ltd.,2027-01,STANDARD,MULTI_PERIOD_INVOICE,,,,"Jan = 14 days of first invoice ($4,200) + 17 days of second ($5,100).",INVOICE_SPANS_PERIODS,PRORATED_FEE,PASS,CLOSE_READY,RECEIVED,N,NONE,9300.0,9300.0,1700.0,0.0,INV-V015-001;INV-V015-002,18600.0,2026-12-16;2027-01-16
OBL-V016-2026-11,V016,Northwind Telecom,2026-11,STANDARD,VENDOR_OUTREACH_FINDS_INVOICE,,VENDOR_BILLING,INVOICE_WHEREABOUTS,"Invoice went to a retired AP mailbox; vendor re-sends it, so book actual not estimate.",NO_INVOICE_SERVICE_RECEIVED,HISTORICAL_RUN_RATE,OUTREACH_REQUIRED,CLOSE_READY,MISSING,Y,NONE,5480.0,5470.0,5470.0,-10.0,INV-V016-007,5480.0,2026-12-09
OBL-V016-2026-12,V016,Northwind Telecom,2026-12,STANDARD,RECURRING_INVOICE_MATCH,,,,,VALID_INVOICE_MATCHES,ACTUAL_INVOICE,PASS,CLOSE_READY,RECEIVED,N,NONE,5515.0,5515.0,5456.67,0.0,INV-V016-008,5515.0,2027-01-02
OBL-V016-2027-01,V016,Northwind Telecom,2027-01,STANDARD,RECURRING_INVOICE_MATCH,,,,,VALID_INVOICE_MATCHES,ACTUAL_INVOICE,PASS,CLOSE_READY,RECEIVED,N,NONE,5440.0,5440.0,5475.0,0.0,INV-V016-009,5440.0,2027-02-02
OBL-V017-2026-11,V017,Thames Workspace Ltd,2026-11,STANDARD,RECURRING_INVOICE_MATCH,,,,,VALID_INVOICE_MATCHES,ACTUAL_INVOICE,PASS,CLOSE_READY,RECEIVED,N,NONE,6900.0,6900.0,6900.0,0.0,INV-V017-007,6900.0,2026-12-02
OBL-V017-2026-12,V017,Thames Workspace Ltd,2026-12,STANDARD,ENTITY_MISMATCH,,AP_SPECIALIST,AP_STATUS,Invoice billed to and coded as NS-US; contract and service are NS-UK.,INVOICE_MISMATCHED,ACTUAL_INVOICE,BLOCK,ESCALATED,RECEIVED,N,NONE,6900.0,6900.0,6900.0,0.0,INV-V017-008,6900.0,2027-01-02
OBL-V017-2027-01,V017,Thames Workspace Ltd,2027-01,STANDARD,RECURRING_INVOICE_MATCH,,,,,VALID_INVOICE_MATCHES,ACTUAL_INVOICE,PASS,CLOSE_READY,RECEIVED,N,NONE,6900.0,6900.0,6900.0,0.0,INV-V017-009,6900.0,2027-02-02
